Date,Open,High,Low,Last,Close,Total Trade Quantity,Turnover (Lacs)
2017-04-21,1380.5,1421.0,1378.55,1405.0,1402.5,6910277.0,97054.82
2017-04-20,1379.0,1386.8,1364.1,1370.45,1369.55,1918612.0,26319.19
2017-04-19,1369.0,1382.55,1357.55,1369.95,1368.8,2645292.0,36206.55
2017-04-18,1399.95,1410.0,1367.0,1369.0,1370.2,3661083.0,51016.01
2017-04-17,1365.0,1395.55,1365.0,1391.45,1391.85,2705854.0,37350.39
2017-04-13,1354.0,1373.4,1347.35,1365.8,1364.8,2906188.0,39690.78
2017-04-12,1382.8,1386.45,1351.15,1355.0,1354.0,6274215.0,85562.64
2017-04-11,1387.85,1400.45,1370.1,1375.7,1372.35,7371727.0,101943.85
2017-04-10,1410.0,1424.9,1377.3,1384.75,1381.35,7033141.0,98250.94
2017-04-07,1421.3,1434.0,1402.55,1405.25,1406.6,7286151.0,103431.88
2017-04-06,1409.0,1448.9,1402.2,1434.0,1438.5,11571075.0,165379.75
2017-04-05,1395.2,1418.0,1380.1,1415.05,1415.0,9217360.0,129103.86
2017-04-03,1342.0,1380.5,1337.05,1373.25,1374.65,10260327.0,140140.71
2017-03-31,1266.0,1337.65,1266.0,1320.6,1320.9,10375519.0,136029.18
2017-03-30,1255.0,1274.75,1253.0,1267.6,1270.65,6368859.0,80751.12
2017-03-29,1251.7,1260.0,1233.35,1259.2,1256.65,4325787.0,53921.25
2017-03-28,1258.0,1264.0,1242.1,1246.3,1245.75,4961934.0,62009.77
2017-03-27,1271.1,1278.75,1247.2,1248.5,1251.1,7418122.0,93337.36
2017-03-24,1274.1,1292.0,1268.45,1284.0,1286.75,3721911.0,47730.79
2017-03-23,1263.15,1277.55,1258.0,1272.0,1273.3,2699090.0,34262.25
2017-03-22,1252.0,1265.9,1246.55,1260.45,1259.7,4638338.0,58308.0
2017-03-21,1282.2,1283.9,1259.3,1265.2,1263.8,5165107.0,65607.87
2017-03-20,1306.0,1306.25,1278.35,1280.95,1280.8,2941714.0,37884.56
2017-03-17,1308.0,1319.95,1298.05,1300.55,1300.7,5195076.0,67681.24
2017-03-16,1310.0,1310.4,1293.6,1296.8,1297.65,3639964.0,47328.22
2017-03-15,1291.05,1316.3,1290.4,1302.0,1304.95,5510658.0,72018.63
2017-03-14,1318.75,1319.0,1285.25,1288.25,1289.5,6346620.0,82447.95
2017-03-10,1290.25,1296.0,1261.2,1279.1,1281.65,5665568.0,72646.72
2017-03-09,1290.0,1298.0,1281.5,1285.4,1286.75,7107670.0,91508.75
2017-03-08,1307.7,1307.7,1286.1,1288.15,1291.2,9906103.0,128257.19
2017-03-07,1318.85,1327.0,1296.15,1306.35,1304.95,9616850.0,125905.18
2017-03-06,1269.0,1312.0,1265.25,1308.0,1305.35,15252154.0,198031.97
2017-03-03,1241.55,1287.8,1241.55,1258.6,1258.55,19270851.0,244564.22
2017-03-02,1237.9,1254.7,1227.05,1234.95,1236.75,4129033.0,51241.65
2017-03-01,1240.1,1244.4,1230.0,1231.55,1234.5,5574153.0,69023.76
2017-02-28,1232.0,1248.0,1228.5,1237.65,1238.05,8254531.0,102412.3
2017-02-27,1190.5,1256.8,1190.35,1237.55,1238.9,19068911.0,236834.17
2017-02-23,1213.6,1222.0,1179.35,1186.8,1182.75,14229234.0,170230.05
2017-02-22,1093.0,1211.65,1092.0,1209.8,1207.5,29103926.0,342791.84
2017-02-21,1075.2,1090.95,1073.05,1088.1,1088.2,3242790.0,35178.53
2017-02-20,1070.55,1078.85,1066.5,1075.0,1075.4,2663127.0,28618.07
2017-02-17,1066.5,1078.2,1058.45,1070.7,1075.5,3393856.0,36333.67
2017-02-16,1052.55,1069.45,1052.55,1065.95,1067.5,4492847.0,47739.24
2017-02-15,1052.9,1057.5,1045.25,1050.35,1051.3,3482845.0,36672.2
2017-02-14,1035.0,1052.9,1029.9,1048.1,1049.8,4170414.0,43681.08
2017-02-13,1033.0,1034.0,1022.0,1030.0,1029.85,1957988.0,20099.84
2017-02-10,1035.0,1035.55,1025.55,1030.0,1030.15,2861531.0,29499.23
2017-02-09,1028.0,1034.0,1026.8,1032.45,1032.75,2254216.0,23231.59
2017-02-08,1030.9,1038.25,1022.0,1022.7,1025.15,3710094.0,38128.75
2017-02-07,1042.0,1042.35,1027.2,1031.95,1030.9,2264245.0,23365.38
2017-02-06,1037.0,1044.9,1032.05,1040.7,1041.65,2283982.0,23712.56
2017-02-03,1046.0,1050.45,1030.1,1033.45,1033.65,3021751.0,31372.86
2017-02-02,1050.0,1050.8,1038.25,1045.55,1043.5,2079908.0,21677.3
2017-02-01,1046.1,1050.9,1035.2,1050.0,1049.65,2585798.0,27018.06
2017-01-31,1046.85,1053.8,1040.3,1045.0,1045.2,3457365.0,36170.3
2017-01-30,1024.95,1046.45,1024.8,1044.95,1044.8,3583756.0,37212.27
2017-01-27,1020.25,1028.9,1019.0,1028.15,1025.1,4997239.0,51192.64
2017-01-25,1032.0,1032.7,1016.15,1018.05,1017.3,5453230.0,55628.85
2017-01-24,1017.0,1028.8,1017.0,1027.9,1027.3,2153091.0,22050.28
2017-01-23,1021.8,1031.0,1012.8,1018.4,1015.9,3133533.0,31942.45
2017-01-20,1033.95,1037.45,1023.9,1025.7,1025.8,2008082.0,20671.68
2017-01-19,1035.15,1045.3,1031.0,1032.45,1033.7,3493728.0,36234.12
2017-01-18,1042.6,1048.0,1028.75,1031.95,1032.55,3627071.0,37593.7
2017-01-17,1065.0,1068.0,1038.5,1040.0,1041.25,8968290.0,94098.27
2017-01-16,1089.95,1093.95,1073.95,1076.7,1076.25,2746005.0,29612.51
2017-01-13,1084.55,1097.5,1084.55,1089.95,1090.4,1653669.0,18056.54
2017-01-12,1087.0,1090.35,1079.8,1080.45,1083.3,999364.0,10839.38
2017-01-11,1095.0,1095.7,1084.0,1084.8,1086.05,2623211.0,28529.43
2017-01-10,1080.0,1094.4,1080.0,1088.0,1089.85,2594400.0,28274.65
2017-01-09,1077.0,1086.0,1071.0,1078.0,1077.7,1195257.0,12901.71
2017-01-06,1074.2,1085.0,1073.1,1073.95,1074.95,1793427.0,19347.04
2017-01-05,1071.0,1079.9,1068.75,1077.0,1077.4,1996483.0,21504.52
2017-01-04,1092.9,1093.0,1064.3,1067.15,1067.15,2375547.0,25475.14
2017-01-03,1089.85,1097.0,1081.1,1089.0,1089.4,1470751.0,16056.82
2017-01-02,1084.0,1090.0,1072.35,1086.7,1085.1,1622458.0,17630.16
2016-12-30,1064.8,1085.0,1063.1,1080.7,1082.4,3591493.0,38770.72
2016-12-29,1050.0,1068.8,1049.5,1064.05,1065.45,2005206.0,21232.98
2016-12-28,1067.9,1069.55,1047.1,1051.15,1049.7,2202927.0,23304.64
2016-12-27,1047.85,1067.1,1047.0,1064.85,1064.7,3987142.0,42121.55
2016-12-26,1054.35,1066.0,1044.65,1044.95,1047.45,3502299.0,37001.31
2016-12-23,1052.0,1068.95,1052.0,1059.9,1057.3,2346414.0,24869.9
2016-12-22,1058.0,1062.65,1050.95,1052.0,1053.35,6604416.0,69908.47
2016-12-21,1060.1,1067.3,1057.2,1063.0,1063.25,4655758.0,49403.03
2016-12-20,1054.7,1061.0,1053.15,1060.0,1057.9,2671719.0,28284.03
2016-12-19,1055.0,1066.95,1054.35,1060.55,1062.55,3430950.0,36495.22
2016-12-16,1052.0,1062.0,1052.0,1055.85,1057.15,3415537.0,36114.0
2016-12-15,1052.4,1067.6,1048.65,1051.0,1052.95,4418967.0,46810.49
2016-12-14,1039.8,1064.45,1038.2,1056.35,1059.5,5517829.0,58309.98
2016-12-13,1028.0,1041.0,1027.55,1039.0,1039.8,2369453.0,24586.35
2016-12-12,1020.5,1041.7,1020.5,1024.9,1027.2,2062700.0,21335.3
2016-12-09,1022.0,1031.85,1020.3,1028.95,1028.95,1883333.0,19360.18
2016-12-08,1005.05,1021.8,1004.35,1019.55,1020.05,2000230.0,20344.23
2016-12-07,1004.0,1007.6,996.35,1001.85,999.15,1127113.0,11302.7
2016-12-06,996.0,1006.55,994.6,1003.25,1005.2,1537535.0,15384.64
2016-12-05,995.0,999.7,986.5,993.05,993.85,911410.0,9051.7
2016-12-02,995.9,1005.0,991.8,995.6,994.75,2853045.0,28518.67
2016-12-01,1000.0,1015.0,995.0,996.5,997.75,2886513.0,28996.49
2016-11-30,999.95,999.95,986.65,988.15,990.05,6308004.0,62459.53
2016-11-29,989.0,1004.3,988.05,997.95,997.7,2259609.0,22593.88
2016-11-28,993.0,1000.6,984.1,986.5,986.65,1900161.0,18848.01
2016-11-25,990.0,995.9,984.35,993.0,993.7,2389829.0,23654.22
2016-11-24,1005.55,1005.55,982.2,992.4,987.35,4323375.0,42789.89
2016-11-23,1005.0,1010.5,999.55,1007.0,1009.0,2996248.0,30122.89
2016-11-22,997.7,1007.8,993.3,1001.3,1001.45,4033660.0,40362.46
2016-11-21,987.55,993.55,983.2,993.0,991.5,3024712.0,29912.86
2016-11-18,985.0,992.7,982.0,986.4,987.5,4151928.0,41012.57
2016-11-17,986.0,998.15,974.4,977.05,977.75,2886635.0,28497.09
2016-11-16,995.0,996.8,980.7,982.05,986.55,3783226.0,37476.03
2016-11-15,996.5,1000.0,979.55,982.85,985.4,3311592.0,32744.82
2016-11-11,997.85,1017.5,995.1,998.0,1001.75,3377392.0,33900.26
2016-11-10,1018.6,1028.95,1007.0,1008.05,1010.4,2231907.0,22721.75
2016-11-09,950.0,1009.0,930.0,1003.0,1004.6,4946573.0,48546.75
2016-11-08,1005.7,1005.7,998.3,1003.9,1003.5,3070346.0,30755.64
2016-11-07,1014.0,1016.55,999.05,1000.0,1001.15,2172921.0,21837.86
2016-11-04,1020.25,1026.9,1000.0,1006.55,1005.55,2636911.0,26654.8
2016-11-03,1023.85,1034.75,1020.6,1021.9,1023.95,1671371.0,17181.33
2016-11-02,1041.0,1042.85,1021.0,1026.4,1023.75,1609225.0,16570.27
2016-11-01,1051.3,1055.95,1047.4,1052.0,1051.0,2337011.0,24563.56
2016-10-30,1058.75,1058.75,1046.3,1049.55,1051.2,362170.0,3812.02
2016-10-28,1050.0,1058.0,1043.8,1056.0,1054.95,1857917.0,19555.99
2016-10-27,1051.1,1053.9,1043.4,1050.5,1048.7,2935574.0,30785.14
2016-10-26,1056.05,1059.45,1052.1,1054.5,1054.05,2502055.0,26388.36
2016-10-25,1065.0,1065.25,1054.2,1063.5,1060.85,1750711.0,18553.16
2016-10-24,1070.0,1074.0,1060.65,1063.3,1063.3,2403099.0,25650.02
2016-10-21,1097.0,1097.0,1058.4,1065.0,1064.2,9968242.0,106565.37
2016-10-20,1093.95,1098.0,1084.05,1086.1,1087.55,2314521.0,25226.56
2016-10-19,1084.45,1094.7,1081.4,1087.0,1087.35,3902656.0,42488.85
2016-10-18,1066.0,1082.75,1062.05,1079.55,1081.1,2531133.0,27252.92
2016-10-17,1080.0,1080.8,1058.75,1060.4,1060.65,2246237.0,24002.18
2016-10-14,1063.0,1082.0,1061.65,1078.95,1077.65,3489473.0,37453.23
2016-10-13,1089.0,1089.05,1052.0,1058.5,1057.15,5014667.0,53542.77
2016-10-10,1114.0,1122.0,1094.0,1096.0,1096.35,2640973.0,29202.23
2016-10-07,1114.0,1123.05,1106.5,1106.95,1109.0,3492838.0,38914.48
2016-10-06,1092.0,1126.25,1092.0,1112.0,1110.8,4825630.0,53764.75
2016-10-05,1104.0,1106.5,1085.8,1090.0,1089.4,2466397.0,27012.25
2016-10-04,1093.05,1108.3,1092.0,1095.0,1096.35,2997544.0,32990.04
2016-10-03,1087.0,1107.95,1076.25,1090.0,1090.7,4143109.0,45296.88
2016-09-30,1068.0,1094.55,1066.3,1084.5,1083.7,2560105.0,27720.82
2016-09-29,1095.0,1110.75,1067.4,1074.55,1072.45,4859746.0,52729.9
2016-09-28,1107.9,1108.0,1086.3,1089.0,1090.65,5673488.0,61988.66
2016-09-27,1117.0,1125.95,1106.6,1110.9,1110.5,4428693.0,49394.99
2016-09-26,1103.4,1129.55,1100.25,1106.3,1107.2,8734943.0,97712.18
2016-09-23,1089.0,1109.45,1089.0,1101.6,1102.8,7105725.0,78183.1
2016-09-22,1083.0,1095.8,1079.0,1086.95,1088.95,4288544.0,46752.51
2016-09-21,1074.0,1084.9,1069.0,1070.0,1072.25,2501476.0,26903.6
2016-09-20,1084.0,1084.75,1069.05,1073.55,1074.2,2635854.0,28365.24
2016-09-19,1072.55,1088.0,1071.0,1083.0,1082.4,3812324.0,41209.84
2016-09-16,1067.0,1093.85,1059.1,1072.9,1075.55,8988926.0,97107.11
2016-09-15,1047.0,1070.2,1047.0,1064.8,1065.0,7170885.0,75679.7
2016-09-14,1048.0,1059.0,1040.9,1043.0,1044.75,4252754.0,44619.92
2016-09-12,1030.4,1056.0,1029.15,1046.95,1046.5,7699800.0,80615.95
2016-09-09,1035.0,1049.9,1030.0,1041.5,1044.55,3490441.0,36387.08
2016-09-08,1023.05,1035.95,1020.2,1034.0,1033.4,2790196.0,28763.33
2016-09-07,1022.0,1027.05,1013.05,1017.0,1017.65,2954995.0,30115.91
2016-09-06,1019.9,1025.0,1015.0,1021.7,1019.9,2631091.0,26818.61
2016-09-02,1031.1,1032.55,1002.3,1013.0,1013.35,6428814.0,65178.2
2016-09-01,1053.0,1072.75,1025.7,1028.05,1029.2,9742454.0,102346.27
2016-08-31,1064.9,1074.0,1047.0,1047.9,1060.0,5324960.0,56653.25
2016-08-30,1062.0,1068.5,1053.0,1064.75,1066.4,4153522.0,44148.56
2016-08-29,1027.25,1059.75,1026.1,1059.3,1057.45,3701495.0,38721.33
2016-08-26,1017.9,1030.8,1014.6,1026.6,1027.9,2203465.0,22581.52
2016-08-25,1021.2,1029.0,1009.0,1013.95,1012.7,3419775.0,34810.69
2016-08-24,1011.7,1021.95,1011.0,1021.25,1020.5,1993153.0,20272.91
2016-08-23,1012.0,1015.0,1005.0,1011.2,1010.45,1673328.0,16902.69
2016-08-22,1012.0,1019.7,1007.2,1010.05,1011.85,1527904.0,15474.96
2016-08-19,1018.0,1022.0,1007.1,1013.3,1014.9,1869308.0,18983.01
2016-08-18,1016.0,1023.65,1016.0,1018.0,1018.05,1771449.0,18051.13
2016-08-17,1024.1,1028.8,1007.2,1014.0,1013.3,3539970.0,35949.83
2016-08-16,1036.25,1044.8,1015.5,1023.65,1024.9,3055603.0,31412.11
2016-08-12,1017.0,1042.9,1017.0,1032.55,1035.8,3740861.0,38635.72
2016-08-11,1001.95,1022.85,999.6,1014.0,1014.1,3238899.0,32825.03
2016-08-10,1031.25,1034.55,1002.0,1002.2,1003.65,3079463.0,31169.6
2016-08-09,1027.0,1034.5,1021.0,1029.9,1030.7,3038046.0,31224.6
2016-08-08,1019.9,1034.0,1018.65,1027.3,1029.25,3098753.0,31900.41
2016-08-05,998.0,1019.0,997.05,1018.0,1016.25,2767914.0,27906.5
2016-08-04,999.0,1000.0,983.4,995.2,993.0,2328716.0,23061.89
2016-08-03,1014.4,1014.4,991.5,992.9,993.95,2713804.0,27083.66
2016-08-02,1008.0,1020.0,1006.3,1013.0,1012.8,1762408.0,17882.92
2016-08-01,1018.0,1020.3,1005.05,1009.0,1009.5,1823694.0,18462.02
2016-07-29,1024.0,1024.9,1012.0,1016.05,1014.9,2201164.0,22364.79
2016-07-28,1014.95,1030.5,1013.05,1024.0,1026.35,3568375.0,36496.33
2016-07-27,1023.05,1026.0,1008.95,1011.2,1013.1,2521448.0,25645.77
2016-07-26,1023.0,1034.8,1015.2,1022.25,1024.05,2403872.0,24719.65
2016-07-25,1014.0,1023.75,1007.35,1020.5,1022.75,1883884.0,19149.75
2016-07-22,1006.0,1017.8,1005.1,1015.9,1014.85,1577114.0,15982.05
2016-07-21,1024.0,1025.0,1005.0,1006.2,1006.35,1534044.0,15512.05
2016-07-20,1019.95,1028.3,1016.55,1022.75,1023.0,2803645.0,28661.91
2016-07-19,1006.0,1022.95,995.3,1022.5,1017.8,3805750.0,38447.08
2016-07-18,1028.0,1038.75,1001.75,1002.9,1006.25,7339086.0,75183.09
2016-07-15,1009.0,1021.0,1003.5,1014.35,1012.2,3198562.0,32411.76
2016-07-14,1008.1,1014.1,998.25,1004.2,1004.9,2459183.0,24746.05
2016-07-13,1005.2,1016.7,1004.15,1008.0,1008.75,3409386.0,34465.07
2016-07-12,995.25,1005.0,991.0,1003.4,1003.4,2232685.0,22290.7
2016-07-11,991.0,994.95,985.5,991.55,992.5,1889606.0,18730.69
2016-07-08,987.0,989.0,976.35,977.6,978.4,1632225.0,16033.95
2016-07-07,992.5,1000.5,986.15,988.1,987.9,2749648.0,27286.83
2016-07-05,986.1,1002.9,980.3,991.2,993.1,2596678.0,25822.11
2016-07-04,975.5,993.6,975.5,986.35,986.7,1783750.0,17613.47
2016-07-01,972.75,976.8,970.0,974.75,973.45,1510979.0,14702.25
2016-06-30,972.0,977.5,967.05,969.0,969.15,2916329.0,28317.93
2016-06-29,962.0,968.95,960.0,967.0,966.9,1719857.0,16593.61
2016-06-28,956.4,961.55,955.0,958.0,957.8,1738370.0,16664.05
2016-06-27,940.5,958.4,940.5,953.9,955.65,2094599.0,19977.42
2016-06-24,964.9,964.9,933.4,948.55,951.45,5711173.0,54093.47
2016-06-23,979.95,982.0,970.0,981.0,980.45,2248693.0,21935.89
2016-06-22,985.0,985.9,977.1,978.0,980.5,2923284.0,28668.89
2016-06-21,994.1,994.15,979.7,983.05,987.1,3184865.0,31399.71
2016-06-20,972.15,992.6,968.0,987.5,990.2,2459237.0,24182.52
2016-06-17,977.0,978.65,970.1,973.0,974.9,2408096.0,23461.37
2016-06-16,981.0,983.65,967.05,975.25,976.3,2142329.0,20897.79
2016-06-15,980.0,986.5,973.75,981.85,984.6,2543921.0,24933.48
2016-06-14,980.95,985.4,969.3,976.3,976.25,2497008.0,24408.17
2016-06-13,969.9,983.45,963.05,980.0,981.1,2334856.0,22735.35
2016-06-10,974.0,984.4,968.3,975.7,976.7,3729737.0,36426.13
2016-06-09,960.0,976.45,956.2,970.0,971.15,3575840.0,34726.42
2016-06-08,958.0,958.0,949.15,955.95,954.1,2773975.0,26442.78
2016-06-07,957.25,960.95,951.6,953.45,955.05,4332627.0,41426.21
2016-06-06,961.0,963.0,952.55,954.45,954.8,1982466.0,18971.47
2016-06-03,960.0,962.9,955.85,958.75,959.65,1975712.0,18959.78
2016-06-02,954.5,957.15,945.1,955.35,956.25,2343852.0,22277.61
2016-06-01,957.95,966.1,951.8,952.7,953.6,2067034.0,19826.96
2016-05-31,969.0,973.0,956.5,959.0,957.85,5333469.0,51199.73
2016-05-30,976.4,981.5,965.0,965.8,968.7,2202091.0,21408.05
2016-05-27,949.05,976.9,948.75,973.1,974.7,3063379.0,29617.41
2016-05-26,950.0,952.4,944.1,947.3,946.85,3243601.0,30737.08
2016-05-25,949.85,952.8,941.15,949.65,951.2,2112135.0,20025.18
2016-05-24,928.05,944.0,928.05,941.0,940.45,2807737.0,26388.77
2016-05-23,937.35,940.7,925.65,931.1,930.0,4198098.0,39145.38
2016-05-20,952.0,954.5,931.35,933.4,934.2,4238988.0,39974.48
2016-05-19,971.7,971.9,945.6,947.35,951.2,2088058.0,20060.09
2016-05-18,965.9,972.5,964.1,970.05,970.55,1880974.0,18245.3
2016-05-17,980.25,983.1,966.35,967.45,969.15,2779023.0,27066.69
2016-05-16,977.0,982.5,971.1,974.5,975.95,2132072.0,20817.6
2016-05-13,988.95,990.55,975.0,975.95,978.15,3348353.0,32859.03
2016-05-12,976.0,994.2,975.05,993.0,992.8,2922714.0,28841.83
2016-05-11,971.8,980.75,970.0,974.1,975.4,2820699.0,27543.14
2016-05-10,983.1,984.7,978.0,982.3,982.55,1656840.0,16261.81
2016-05-09,975.0,986.0,972.8,983.3,983.1,3508088.0,34421.25
2016-05-06,973.0,976.8,967.0,969.15,968.95,3371220.0,32737.38
2016-05-05,980.0,983.45,970.9,974.9,975.25,4952411.0,48373.54
2016-05-04,974.05,983.7,973.0,976.0,978.1,3096453.0,30319.67
2016-05-03,988.0,994.95,972.75,975.0,975.8,4016624.0,39476.43
2016-05-02,979.0,992.4,978.0,987.0,986.95,2427753.0,23955.82
2016-04-29,993.45,998.55,978.85,980.9,982.7,5367060.0,52978.45
2016-04-28,1014.0,1019.2,990.95,993.5,996.7,14160507.0,142378.04
2016-04-27,1017.9,1025.95,1016.0,1018.45,1019.4,3315060.0,33872.52
2016-04-26,1015.4,1023.9,1007.5,1014.3,1016.95,6041279.0,61213.25
2016-04-25,1044.45,1044.45,1012.3,1014.55,1016.9,13979586.0,142570.0
2016-04-22,1039.0,1047.5,1029.3,1040.5,1038.95,2675586.0,27803.46
2016-04-21,1041.4,1052.0,1035.0,1039.5,1041.15,2601436.0,27120.48
2016-04-20,1069.2,1069.2,1035.8,1037.15,1037.3,4957497.0,51796.68
2016-04-18,1065.8,1066.8,1055.4,1063.05,1064.75,4358102.0,46246.03
2016-04-13,1052.55,1069.9,1052.55,1064.6,1066.05,3666141.0,38862.22
2016-04-12,1040.3,1057.45,1038.05,1047.6,1047.4,2552099.0,26767.98
2016-04-11,1037.0,1045.5,1033.0,1039.2,1040.3,2356318.0,24515.17
2016-04-08,1035.9,1054.45,1031.2,1035.0,1036.35,3065701.0,31939.15
2016-04-07,1034.9,1048.0,1022.1,1034.8,1037.25,2009055.0,20838.49
2016-04-06,1032.1,1036.7,1022.6,1034.4,1033.75,1597975.0,16458.26
2016-04-05,1031.35,1042.4,1022.2,1027.3,1026.95,2345148.0,24179.37
2016-04-04,1040.0,1042.2,1025.3,1035.75,1035.05,1973260.0,20367.84
2016-04-01,1039.1,1046.3,1025.0,1035.0,1034.45,2830115.0,29236.41
2016-03-31,1041.0,1056.0,1032.7,1045.0,1045.2,7047985.0,73688.12
2016-03-30,1042.7,1051.75,1042.7,1047.4,1047.05,3303780.0,34607.65
2016-03-29,1023.8,1042.0,1020.2,1034.0,1036.25,3627901.0,37523.97
2016-03-28,1030.0,1031.7,1015.65,1022.5,1020.4,4130553.0,42246.25
2016-03-23,1046.9,1046.9,1022.4,1027.25,1029.2,3841654.0,39626.06
2016-03-22,1037.0,1052.25,1035.65,1049.35,1047.85,3504967.0,36615.63
2016-03-21,1027.95,1041.5,1022.75,1040.0,1037.3,2904852.0,29937.01
2016-03-18,1018.25,1030.15,1015.7,1028.3,1027.2,3207246.0,32842.14
2016-03-17,1027.0,1036.9,1012.0,1014.5,1016.0,3847740.0,39497.32
2016-03-16,1021.0,1025.8,1005.45,1024.4,1021.75,2529074.0,25689.58
2016-03-15,1024.0,1027.85,1015.1,1019.55,1020.5,2397332.0,24492.02
2016-03-14,1019.1,1026.4,1012.95,1019.75,1019.75,2715590.0,27655.73
2016-03-11,1014.9,1029.55,1010.6,1015.4,1014.5,3501676.0,35696.87
2016-03-10,1042.05,1045.9,1009.0,1009.15,1011.75,4733124.0,48203.13
2016-03-09,1020.0,1043.9,1018.6,1041.9,1041.7,2709831.0,28011.41
2016-03-08,1007.5,1030.9,1007.5,1023.0,1027.0,3022554.0,30879.84
2016-03-04,1014.0,1015.0,1003.5,1007.5,1006.4,2054428.0,20701.43
2016-03-03,1010.0,1018.0,997.5,1010.0,1012.85,3630006.0,36636.82
2016-03-02,992.9,1005.75,987.25,1000.0,1001.5,4595886.0,45904.32
2016-03-01,964.7,985.05,964.65,984.25,981.3,3760923.0,36846.46
2016-02-29,951.3,994.6,935.0,965.0,966.65,7093474.0,68165.51
2016-02-26,953.0,958.75,944.3,953.0,950.35,1908533.0,18163.32
2016-02-25,954.2,956.55,940.85,942.0,944.1,5675025.0,53713.92
2016-02-24,944.9,958.55,942.0,955.0,952.65,3471311.0,33071.67
2016-02-23,963.1,967.2,942.75,943.9,949.65,4340746.0,41606.99
2016-02-22,944.1,968.3,944.1,963.0,962.3,2919198.0,28051.8
2016-02-19,940.0,952.75,937.35,943.5,944.35,2339664.0,22097.78
2016-02-18,962.95,968.7,936.0,937.15,940.1,3299161.0,31319.82
2016-02-17,935.1,957.45,916.4,956.1,952.6,3529832.0,33121.7
2016-02-16,951.1,958.0,927.0,929.25,930.55,2977263.0,28108.49
2016-02-15,918.0,951.35,918.0,944.4,946.75,4407889.0,41427.18
2016-02-12,933.9,933.9,888.1,904.85,906.55,6701935.0,60854.11
2016-02-11,962.85,965.95,915.5,924.0,924.55,3912163.0,36788.04
2016-02-10,951.7,973.0,948.65,965.4,962.65,3859250.0,37142.0
2016-02-09,952.9,968.8,950.0,956.75,957.5,4481029.0,43062.63
2016-02-08,971.1,984.8,957.95,959.65,961.05,2760853.0,26911.51
2016-02-05,979.1,982.0,961.4,974.9,970.9,4799882.0,46581.76
2016-02-04,988.0,1001.0,965.7,977.65,973.05,4161079.0,40906.7
2016-02-03,988.0,994.0,975.0,980.0,981.4,3586808.0,35297.66
2016-02-02,1030.3,1032.8,990.5,995.5,1001.15,3376466.0,34236.72
2016-02-01,1039.95,1041.8,1025.55,1028.2,1030.3,2267273.0,23417.82
2016-01-29,1018.95,1040.0,1018.0,1036.0,1035.4,4383577.0,45271.47
2016-01-28,1001.0,1021.8,997.1,1015.5,1016.9,5274473.0,53396.25
2016-01-27,1008.1,1010.0,996.95,997.0,999.35,3943295.0,39595.81
2016-01-25,1010.0,1018.75,1000.0,1000.2,1003.95,2994340.0,30262.76
2016-01-22,994.05,1011.0,994.05,1004.05,1004.15,5413455.0,54310.58
2016-01-21,1017.55,1025.75,976.7,982.45,984.2,7261772.0,72243.77
2016-01-20,1034.9,1034.9,990.0,1009.15,1004.55,10312353.0,104043.28
2016-01-19,1029.0,1049.8,1014.1,1046.95,1043.6,4912096.0,50914.35
2016-01-18,1075.0,1083.95,1008.1,1020.4,1016.85,6229959.0,65409.23
2016-01-15,1069.75,1089.5,1065.6,1072.6,1073.3,6575725.0,71043.91
2016-01-14,1063.85,1081.0,1053.05,1060.45,1061.65,6359913.0,67886.23
2016-01-13,1053.1,1089.75,1047.2,1073.2,1076.85,16412811.0,174128.26
2016-01-12,1055.0,1065.4,1041.1,1044.4,1045.45,5342761.0,56264.66
2016-01-11,1015.95,1060.8,1011.0,1054.0,1051.6,6632671.0,69503.89
2016-01-08,1020.0,1032.9,1016.7,1027.4,1025.75,4871839.0,49990.57
2016-01-07,1021.05,1028.0,1008.05,1018.9,1013.25,4512219.0,45877.0
2016-01-06,1007.6,1038.4,1000.4,1029.1,1032.2,6116855.0,62890.73
2016-01-05,1000.3,1010.0,997.0,1005.0,1005.15,3416459.0,34281.25
2016-01-04,1005.0,1013.8,986.7,993.2,995.3,6896571.0,68890.7
2016-01-01,1009.8,1018.9,1008.2,1013.6,1015.35,1238135.0,12573.53
