,#,open_score,close_score,Open,High,Low,Last,Close,Total Trade Quantity,Turnover (Lacs),shift_close,PC_open,PC_close
2015-11-02,0,0.0,-0.51,949.0,961.5,945.2,959.85,959.8,1650838.0,15739.3,947.7,1.2999999999999545,-10.799999999999955
2015-11-04,1,0.0,-0.81,968.0,975.0,946.2,947.45,951.3,2293418.0,22060.64,967.2,0.7999999999999545,16.700000000000045
2016-02-11,2,-0.93,-0.93,962.85,965.95,915.5,924.0,924.55,3912163.0,36788.04,962.65,0.20000000000004547,38.30000000000007
2016-02-12,3,0.0,-0.39,933.9,933.9,888.1,904.85,906.55,6701935.0,60854.11,924.55,9.350000000000023,27.350000000000023
2016-02-17,4,0.3666666666666667,0.095,935.1,957.45,916.4,956.1,952.6,3529832.0,33121.7,930.55,4.550000000000068,-17.5
2016-02-19,5,-0.48,-0.48,940.0,952.75,937.35,943.5,944.35,2339664.0,22097.78,940.1,-0.10000000000002274,-4.350000000000023
2016-02-23,6,-0.44,-0.44,963.1,967.2,942.75,943.9,949.65,4340746.0,41606.99,962.3,0.8000000000000682,13.450000000000045
2016-02-24,7,0.0,-0.01,944.9,958.55,942.0,955.0,952.65,3471311.0,33071.67,949.65,-4.75,-7.75
2016-02-25,8,-0.8049999999999999,-0.85,954.2,956.55,940.85,942.0,944.1,5675025.0,53713.92,952.65,1.5500000000000682,10.100000000000023
2016-02-26,9,-0.235,-0.007500000000000019,953.0,958.75,944.3,953.0,950.35,1908533.0,18163.32,944.1,8.899999999999977,2.6499999999999773
2016-03-04,11,-0.4,-0.4,1014.0,1015.0,1003.5,1007.5,1006.4,2054428.0,20701.43,1012.85,1.1499999999999773,7.600000000000023
2016-03-08,12,-0.29500000000000004,-0.29500000000000004,1007.5,1030.9,1007.5,1023.0,1027.0,3022554.0,30879.84,1006.4,1.1000000000000227,-19.5
2016-03-09,13,-0.5475000000000001,-0.16,1020.0,1043.9,1018.6,1041.9,1041.7,2709831.0,28011.41,1027.0,-7.0,-21.700000000000045
2016-03-10,14,-0.4066666666666667,-0.11,1042.05,1045.9,1009.0,1009.15,1011.75,4733124.0,48203.13,1041.7,0.34999999999990905,30.299999999999955
2016-03-11,15,-0.2416666666666667,-0.205,1014.9,1029.55,1010.6,1015.4,1014.5,3501676.0,35696.87,1011.75,3.1499999999999773,0.39999999999997726
2016-03-17,16,0.0,-0.69,1027.0,1036.9,1012.0,1014.5,1016.0,3847740.0,39497.32,1021.75,5.25,11.0
2016-03-28,19,0.0,0.62,1030.0,1031.7,1015.65,1022.5,1020.4,4130553.0,42246.25,1029.2,0.7999999999999545,9.600000000000023
2016-03-30,20,0.235,-0.03,1042.7,1051.75,1042.7,1047.4,1047.05,3303780.0,34607.65,1036.25,6.4500000000000455,-4.349999999999909
2016-04-04,21,0.17333333333333334,0.35,1040.0,1042.2,1025.3,1035.75,1035.05,1973260.0,20367.84,1034.45,5.5499999999999545,4.9500000000000455
2016-04-08,22,0.05,0.05,1035.9,1054.45,1031.2,1035.0,1036.35,3065701.0,31939.15,1037.25,-1.349999999999909,-0.4499999999998181
2016-04-11,24,-0.73,-0.73,1037.0,1045.5,1033.0,1039.2,1040.3,2356318.0,24515.17,1036.35,0.650000000000091,-3.2999999999999545
2016-04-18,25,-0.165,-0.46,1065.8,1066.8,1055.4,1063.05,1064.75,4358102.0,46246.03,1066.05,-0.25,1.0499999999999545
2016-04-20,26,0.06833333333333334,0.04999999999999999,1069.2,1069.2,1035.8,1037.15,1037.3,4957497.0,51796.68,1064.75,4.4500000000000455,31.90000000000009
2016-04-21,27,0.24,0.24,1041.4,1052.0,1035.0,1039.5,1041.15,2601436.0,27120.48,1037.3,4.100000000000136,0.25
2016-04-22,28,0.43,0.43,1039.0,1047.5,1029.3,1040.5,1038.95,2675586.0,27803.46,1041.15,-2.150000000000091,0.049999999999954525
2016-05-06,31,0.6950000000000001,0.6950000000000001,973.0,976.8,967.0,969.15,968.95,3371220.0,32737.38,975.25,-2.25,4.0499999999999545
2016-05-10,32,0.0,-0.69,983.1,984.7,978.0,982.3,982.55,1656840.0,16261.81,983.1,0.0,0.5500000000000682
2016-05-16,33,-0.4300000000000001,-0.28,977.0,982.5,971.1,974.5,975.95,2132072.0,20817.6,978.15,-1.1499999999999773,1.0499999999999545
2016-05-20,34,-0.8,-0.8,952.0,954.5,931.35,933.4,934.2,4238988.0,39974.48,951.2,0.7999999999999545,17.799999999999955
2016-05-23,35,0.0,0.39,937.35,940.7,925.65,931.1,930.0,4198098.0,39145.38,934.2,3.1499999999999773,7.350000000000023
2016-05-24,36,-0.016000000000000014,1.0,928.05,944.0,928.05,941.0,940.45,2807737.0,26388.77,930.0,-1.9500000000000455,-12.400000000000091
2016-05-26,37,-0.003333333333333341,-0.185,950.0,952.4,944.1,947.3,946.85,3243601.0,30737.08,951.2,-1.2000000000000455,3.1499999999999773
2016-05-27,38,0.0,0.25,949.05,976.9,948.75,973.1,974.7,3063379.0,29617.41,946.85,2.199999999999932,-25.65000000000009
2016-05-31,39,0.0,0.05,969.0,973.0,956.5,959.0,957.85,5333469.0,51199.73,968.7,0.2999999999999545,11.149999999999977
2016-06-02,40,0.0,-0.62,954.5,957.15,945.1,955.35,956.25,2343852.0,22277.61,953.6,0.8999999999999773,-1.75
2016-06-06,41,-0.03,-0.275,961.0,963.0,952.55,954.45,954.8,1982466.0,18971.47,959.65,1.3500000000000227,6.2000000000000455
2016-06-09,42,0.17,0.17,960.0,976.45,956.2,970.0,971.15,3575840.0,34726.42,954.1,5.899999999999977,-11.149999999999977
2016-06-10,43,-0.10624999999999996,-0.005999999999999983,974.0,984.4,968.3,975.7,976.7,3729737.0,36426.13,971.15,2.8500000000000227,-2.7000000000000455
2016-06-14,45,0.0,-0.41,980.95,985.4,969.3,976.3,976.25,2497008.0,24408.17,981.1,-0.14999999999997726,4.7000000000000455
2016-06-17,46,-0.26,-0.26,977.0,978.65,970.1,973.0,974.9,2408096.0,23461.37,976.3,0.7000000000000455,2.1000000000000227
2016-06-22,47,0.0,-0.16499999999999998,985.0,985.9,977.1,978.0,980.5,2923284.0,28668.89,987.1,-2.1000000000000227,4.5
2016-06-23,48,0.0,-0.56,979.95,982.0,970.0,981.0,980.45,2248693.0,21935.89,980.5,-0.5499999999999545,-0.5
2016-06-24,49,-0.046666666666666634,0.07500000000000001,964.9,964.9,933.4,948.55,951.45,5711173.0,54093.47,980.45,-15.550000000000068,13.449999999999932
2016-06-27,50,0.24,0.24,940.5,958.4,940.5,953.9,955.65,2094599.0,19977.42,951.45,-10.950000000000045,-15.149999999999977
2016-06-29,51,0.0,-0.3,962.0,968.95,960.0,967.0,966.9,1719857.0,16593.61,957.8,4.2000000000000455,-4.899999999999977
2016-07-04,53,0.0,-0.22,975.5,993.6,975.5,986.35,986.7,1783750.0,17613.47,973.45,2.0499999999999545,-11.200000000000045
2016-07-11,55,-0.385,-0.45,991.0,994.95,985.5,991.55,992.5,1889606.0,18730.69,978.4,12.600000000000023,-1.5
2016-07-12,56,0.0,0.0,995.25,1005.0,991.0,1003.4,1003.4,2232685.0,22290.7,992.5,2.75,-8.149999999999977
2016-07-15,57,-0.26,0.05499999999999999,1009.0,1021.0,1003.5,1014.35,1012.2,3198562.0,32411.76,1004.9,4.100000000000023,-3.2000000000000455
2016-07-18,59,-0.18777777777777774,-0.7033333333333333,1028.0,1038.75,1001.75,1002.9,1006.25,7339086.0,75183.09,1012.2,15.799999999999955,21.75
2016-07-21,60,-0.5266666666666667,-0.6,1024.0,1025.0,1005.0,1006.2,1006.35,1534044.0,15512.05,1023.0,1.0,17.649999999999977
2016-07-22,61,-0.39,-0.58,1006.0,1017.8,1005.1,1015.9,1014.85,1577114.0,15982.05,1006.35,-0.35000000000002274,-8.850000000000023
2016-07-25,62,-0.3525,-0.4325,1014.0,1023.75,1007.35,1020.5,1022.75,1883884.0,19149.75,1014.85,-0.8500000000000227,-8.75
2016-07-26,63,-0.165,-0.165,1023.0,1034.8,1015.2,1022.25,1024.05,2403872.0,24719.65,1022.75,0.25,-1.0499999999999545
2016-07-29,64,0.245,-0.07500000000000001,1024.0,1024.9,1012.0,1016.05,1014.9,2201164.0,22364.79,1026.35,-2.349999999999909,9.100000000000023
2016-08-02,65,0.0,0.24,1008.0,1020.0,1006.3,1013.0,1012.8,1762408.0,17882.92,1009.5,-1.5,-4.7999999999999545
2016-08-03,66,0.0,-0.585,1014.4,1014.4,991.5,992.9,993.95,2713804.0,27083.66,1012.8,1.6000000000000227,20.449999999999932
2016-08-05,67,-0.28,-0.28,998.0,1019.0,997.05,1018.0,1016.25,2767914.0,27906.5,993.0,5.0,-18.25
2016-08-08,68,-0.12,-0.62,1019.9,1034.0,1018.65,1027.3,1029.25,3098753.0,31900.41,1016.25,3.6499999999999773,-9.350000000000023
2016-08-09,69,0.21,0.21,1027.0,1034.5,1021.0,1029.9,1030.7,3038046.0,31224.6,1029.25,-2.25,-3.7000000000000455
2016-08-11,70,0.0,-0.57,1001.95,1022.85,999.6,1014.0,1014.1,3238899.0,32825.03,1003.65,-1.6999999999999318,-12.149999999999977
2016-08-12,71,0.0,0.34,1017.0,1042.9,1017.0,1032.55,1035.8,3740861.0,38635.72,1014.1,2.8999999999999773,-18.799999999999955
2016-08-16,73,0.0,-0.62,1036.25,1044.8,1015.5,1023.65,1024.9,3055603.0,31412.11,1035.8,0.4500000000000455,11.349999999999909
2016-08-23,75,-0.06,-0.06,1012.0,1015.0,1005.0,1011.2,1010.45,1673328.0,16902.69,1011.85,0.14999999999997726,1.5499999999999545
2016-08-24,76,0.0,-0.92,1011.7,1021.95,1011.0,1021.25,1020.5,1993153.0,20272.91,1010.45,1.25,-8.799999999999955
2016-08-26,77,-0.010000000000000007,0.26,1017.9,1030.8,1014.6,1026.6,1027.9,2203465.0,22581.52,1012.7,5.199999999999932,-10.000000000000114
2016-08-30,79,-0.35500000000000004,-0.04,1062.0,1068.5,1053.0,1064.75,1066.4,4153522.0,44148.56,1057.45,4.5499999999999545,-4.400000000000091
2016-09-08,81,-0.25,-0.25,1023.05,1035.95,1020.2,1034.0,1033.4,2790196.0,28763.33,1017.65,5.399999999999977,-10.350000000000136
2016-09-09,82,-0.202,0.47,1035.0,1049.9,1030.0,1041.5,1044.55,3490441.0,36387.08,1033.4,1.599999999999909,-9.549999999999955
2016-09-12,83,-0.17,-0.17,1030.4,1056.0,1029.15,1046.95,1046.5,7699800.0,80615.95,1044.55,-14.149999999999864,-16.09999999999991
2016-09-16,84,0.0,-0.56,1067.0,1093.85,1059.1,1072.9,1075.55,8988926.0,97107.11,1065.0,2.0,-8.549999999999955
2016-09-19,86,0.0,-0.1,1072.55,1088.0,1071.0,1083.0,1082.4,3812324.0,41209.84,1075.55,-3.0,-9.850000000000136
2016-09-20,87,-0.47,-0.76,1084.0,1084.75,1069.05,1073.55,1074.2,2635854.0,28365.24,1082.4,1.599999999999909,9.799999999999955
2016-09-22,88,-0.15499999999999994,-0.08800000000000001,1083.0,1095.8,1079.0,1086.95,1088.95,4288544.0,46752.51,1072.25,10.75,-5.9500000000000455
2016-09-23,89,0.0,-0.13333333333333333,1089.0,1109.45,1089.0,1101.6,1102.8,7105725.0,78183.1,1088.95,0.049999999999954525,-13.799999999999955
2016-09-26,91,0.0,-0.3675,1103.4,1129.55,1100.25,1106.3,1107.2,8734943.0,97712.18,1102.8,0.6000000000001364,-3.7999999999999545
2016-09-27,92,0.0,0.36000000000000004,1117.0,1125.95,1106.6,1110.9,1110.5,4428693.0,49394.99,1107.2,9.799999999999955,6.5
2016-09-28,93,0.0,-0.24,1107.9,1108.0,1086.3,1089.0,1090.65,5673488.0,61988.66,1110.5,-2.599999999999909,17.25
2016-09-29,94,-0.374,-0.6539999999999999,1095.0,1110.75,1067.4,1074.55,1072.45,4859746.0,52729.9,1090.65,4.349999999999909,22.549999999999955
2016-09-30,95,0.0,-0.12,1068.0,1094.55,1066.3,1084.5,1083.7,2560105.0,27720.82,1072.45,-4.4500000000000455,-15.700000000000045
2016-10-03,98,0.11500000000000005,-0.285,1087.0,1107.95,1076.25,1090.0,1090.7,4143109.0,45296.88,1083.7,3.2999999999999545,-3.7000000000000455
2016-10-04,99,-0.14916666666666667,-0.041666666666666664,1093.05,1108.3,1092.0,1095.0,1096.35,2997544.0,32990.04,1090.7,2.349999999999909,-3.2999999999999545
2016-10-05,100,-0.265,-0.265,1104.0,1106.5,1085.8,1090.0,1089.4,2466397.0,27012.25,1096.35,7.650000000000091,14.599999999999909
2016-10-06,101,-0.47,-0.47,1092.0,1126.25,1092.0,1112.0,1110.8,4825630.0,53764.75,1089.4,2.599999999999909,-18.799999999999955
2016-10-07,102,-0.31,-0.34,1114.0,1123.05,1106.5,1106.95,1109.0,3492838.0,38914.48,1110.8,3.2000000000000455,5.0
2016-10-10,104,-0.5,-0.5,1114.0,1122.0,1094.0,1096.0,1096.35,2640973.0,29202.23,1109.0,5.0,17.65000000000009
2016-10-13,107,-0.12058823529411765,-0.09333333333333332,1089.0,1089.05,1052.0,1058.5,1057.15,5014667.0,53542.77,1096.35,-7.349999999999909,31.84999999999991
2016-10-14,108,-0.07555555555555556,0.19428571428571426,1063.0,1082.0,1061.65,1078.95,1077.65,3489473.0,37453.23,1057.15,5.849999999999909,-14.650000000000091
2016-10-17,111,-0.3670000000000001,-0.3416666666666666,1080.0,1080.8,1058.75,1060.4,1060.65,2246237.0,24002.18,1077.65,2.349999999999909,19.34999999999991
2016-10-18,112,0.18600000000000005,0.014285714285714275,1066.0,1082.75,1062.05,1079.55,1081.1,2531133.0,27252.92,1060.65,5.349999999999909,-15.099999999999909
2016-10-19,113,-0.04083333333333334,-0.385,1084.45,1094.7,1081.4,1087.0,1087.35,3902656.0,42488.85,1081.1,3.3500000000001364,-2.8999999999998636
2016-10-20,114,0.03272727272727274,-0.09000000000000001,1093.95,1098.0,1084.05,1086.1,1087.55,2314521.0,25226.56,1087.35,6.600000000000136,6.400000000000091
2016-10-21,115,-0.1514285714285714,-0.316,1097.0,1097.0,1058.4,1065.0,1064.2,9968242.0,106565.37,1087.55,9.450000000000045,32.799999999999955
2016-10-24,118,0.0,-0.006666666666666672,1070.0,1074.0,1060.65,1063.3,1063.3,2403099.0,25650.02,1064.2,5.7999999999999545,6.7000000000000455
2016-10-25,119,0.0209090909090909,-0.2914285714285714,1065.0,1065.25,1054.2,1063.5,1060.85,1750711.0,18553.16,1063.3,1.7000000000000455,4.150000000000091
2016-10-26,120,-0.17625000000000002,-0.3666666666666667,1056.05,1059.45,1052.1,1054.5,1054.05,2502055.0,26388.36,1060.85,-4.7999999999999545,2.0
2016-10-27,121,0.0142857142857143,0.332,1051.1,1053.9,1043.4,1050.5,1048.7,2935574.0,30785.14,1054.05,-2.9500000000000455,2.3999999999998636
2016-10-28,122,-0.04769230769230769,-0.003636363636363629,1050.0,1058.0,1043.8,1056.0,1054.95,1857917.0,19555.99,1048.7,1.2999999999999545,-4.9500000000000455
2016-11-01,125,-0.10533333333333332,0.0040000000000000036,1051.3,1055.95,1047.4,1052.0,1051.0,2337011.0,24563.56,1051.2,0.09999999999990905,0.2999999999999545
2016-11-02,126,-0.0276923076923077,0.2827272727272728,1041.0,1042.85,1021.0,1026.4,1023.75,1609225.0,16570.27,1051.0,-10.0,17.25
2016-11-03,127,-0.0376923076923077,0.00454545454545455,1023.85,1034.75,1020.6,1021.9,1023.95,1671371.0,17181.33,1023.75,0.10000000000002274,-0.10000000000002274
2016-11-04,128,-0.0009090909090909095,0.04222222222222222,1020.25,1026.9,1000.0,1006.55,1005.55,2636911.0,26654.8,1023.95,-3.7000000000000455,14.700000000000045
2016-11-07,131,-0.13,-0.24777777777777776,1014.0,1016.55,999.05,1000.0,1001.15,2172921.0,21837.86,1005.55,8.450000000000045,12.850000000000023
2016-11-08,132,-0.1873684210526316,-0.16399999999999998,1005.7,1005.7,998.3,1003.9,1003.5,3070346.0,30755.64,1001.15,4.550000000000068,2.2000000000000455
2016-11-09,133,-0.2085,-0.11166666666666668,950.0,1009.0,930.0,1003.0,1004.6,4946573.0,48546.75,1003.5,-53.5,-54.60000000000002
2016-11-10,134,0.051428571428571435,-0.023076923076923075,1018.6,1028.95,1007.0,1008.05,1010.4,2231907.0,22721.75,1004.6,14.0,8.200000000000045
2016-11-11,135,0.04555555555555557,-0.02619047619047619,997.85,1017.5,995.1,998.0,1001.75,3377392.0,33900.26,1010.4,-12.549999999999955,-3.8999999999999773
2016-11-15,139,0.014444444444444447,-0.1609090909090909,996.5,1000.0,979.55,982.85,985.4,3311592.0,32744.82,1001.75,-5.25,11.100000000000023
2016-11-16,140,-0.73,-0.67,995.0,996.8,980.7,982.05,986.55,3783226.0,37476.03,985.4,9.600000000000023,8.450000000000045
2016-11-24,141,0.165,-0.3,1005.55,1005.55,982.2,992.4,987.35,4323375.0,42789.89,1009.0,-3.4500000000000455,18.199999999999932
2016-12-02,142,-0.11333333333333333,-0.22,995.9,1005.0,991.8,995.6,994.75,2853045.0,28518.67,997.75,-1.8500000000000227,1.1499999999999773
2016-12-09,143,0.11333333333333336,0.0,1022.0,1031.85,1020.3,1028.95,1028.95,1883333.0,19360.18,1020.05,1.9500000000000455,-6.9500000000000455
2016-12-12,146,0.0,-0.25,1020.5,1041.7,1020.5,1024.9,1027.2,2062700.0,21335.3,1028.95,-8.450000000000045,-6.7000000000000455
2016-12-13,147,0.0,-0.57,1028.0,1041.0,1027.55,1039.0,1039.8,2369453.0,24586.35,1027.2,0.7999999999999545,-11.799999999999955
2016-12-14,148,0.41,0.56,1039.8,1064.45,1038.2,1056.35,1059.5,5517829.0,58309.98,1039.8,0.0,-19.700000000000045
2016-12-16,149,-0.22833333333333336,-0.036666666666666674,1052.0,1062.0,1052.0,1055.85,1057.15,3415537.0,36114.0,1052.95,-0.9500000000000455,-5.150000000000091
2016-12-19,150,-0.25,-0.25,1055.0,1066.95,1054.35,1060.55,1062.55,3430950.0,36495.22,1057.15,-2.150000000000091,-7.5499999999999545
2016-12-20,151,0.22000000000000008,-0.34,1054.7,1061.0,1053.15,1060.0,1057.9,2671719.0,28284.03,1062.55,-7.849999999999909,-3.2000000000000455
2016-12-21,152,0.308,1.0,1060.1,1067.3,1057.2,1063.0,1063.25,4655758.0,49403.03,1057.9,2.199999999999818,-3.150000000000091
2016-12-22,153,-0.25,-0.25,1058.0,1062.65,1050.95,1052.0,1053.35,6604416.0,69908.47,1063.25,-5.25,4.650000000000091
2016-12-23,154,-0.3083333333333333,-0.26,1052.0,1068.95,1052.0,1059.9,1057.3,2346414.0,24869.9,1053.35,-1.349999999999909,-5.2999999999999545
2016-12-26,156,-0.28500000000000003,-0.06,1054.35,1066.0,1044.65,1044.95,1047.45,3502299.0,37001.31,1057.3,-2.9500000000000455,6.899999999999864
2017-01-03,157,0.14666666666666667,0.013333333333333336,1089.85,1097.0,1081.1,1089.0,1089.4,1470751.0,16056.82,1085.1,4.75,0.4499999999998181
2017-01-04,158,0.0,-0.71,1092.9,1093.0,1064.3,1067.15,1067.15,2375547.0,25475.14,1089.4,3.5,25.75
2017-01-05,159,-0.09333333333333334,-0.31,1071.0,1079.9,1068.75,1077.0,1077.4,1996483.0,21504.52,1067.15,3.849999999999909,-6.400000000000091
2017-01-06,160,-0.10555555555555557,-0.1416666666666667,1074.2,1085.0,1073.1,1073.95,1074.95,1793427.0,19347.04,1077.4,-3.2000000000000455,-0.75
2017-01-09,161,0.0,-0.2,1077.0,1086.0,1071.0,1078.0,1077.7,1195257.0,12901.71,1074.95,2.0499999999999545,-0.7000000000000455
2017-01-10,162,-0.06076923076923079,0.08374999999999999,1080.0,1094.4,1080.0,1088.0,1089.85,2594400.0,28274.65,1077.7,2.2999999999999545,-9.849999999999909
2017-01-11,163,-0.06785714285714285,-0.16615384615384615,1095.0,1095.7,1084.0,1084.8,1086.05,2623211.0,28529.43,1089.85,5.150000000000091,8.950000000000045
2017-01-12,164,0.14666666666666664,0.252,1087.0,1090.35,1079.8,1080.45,1083.3,999364.0,10839.38,1086.05,0.9500000000000455,3.7000000000000455
2017-01-13,165,0.0,0.14500000000000002,1084.55,1097.5,1084.55,1089.95,1090.4,1653669.0,18056.54,1083.3,1.25,-5.850000000000136
2017-01-16,168,-0.04588235294117647,0.0066666666666666645,1089.95,1093.95,1073.95,1076.7,1076.25,2746005.0,29612.51,1090.4,-0.4500000000000455,13.700000000000045
2017-01-17,169,0.05374999999999999,0.11285714285714285,1065.0,1068.0,1038.5,1040.0,1041.25,8968290.0,94098.27,1076.25,-11.25,23.75
2017-01-18,170,-0.017499999999999998,0.2842857142857143,1042.6,1048.0,1028.75,1031.95,1032.55,3627071.0,37593.7,1041.25,1.349999999999909,10.049999999999955
2017-01-19,171,0.085,0.2975,1035.15,1045.3,1031.0,1032.45,1033.7,3493728.0,36234.12,1032.55,2.6000000000001364,1.4500000000000455
2017-01-20,172,0.0476,0.02615384615384616,1033.95,1037.45,1023.9,1025.7,1025.8,2008082.0,20671.68,1033.7,0.25,8.150000000000091
2017-01-23,175,-0.09916666666666668,-0.2552173913043478,1021.8,1031.0,1012.8,1018.4,1015.9,3133533.0,31942.45,1025.8,-4.0,5.899999999999977
2017-01-24,176,-0.05181818181818183,-0.1888888888888889,1017.0,1028.8,1017.0,1027.9,1027.3,2153091.0,22050.28,1015.9,1.1000000000000227,-10.299999999999955
2017-01-25,177,0.17181818181818184,0.27,1032.0,1032.7,1016.15,1018.05,1017.3,5453230.0,55628.85,1027.3,4.7000000000000455,14.700000000000045
2017-01-27,179,-0.19176470588235286,-0.3441666666666667,1020.25,1028.9,1019.0,1028.15,1025.1,4997239.0,51192.64,1017.3,2.9500000000000455,-4.849999999999909
2017-01-30,182,-0.08599999999999998,-0.04400000000000001,1024.95,1046.45,1024.8,1044.95,1044.8,3583756.0,37212.27,1025.1,-0.14999999999986358,-19.84999999999991
2017-01-31,183,0.05000000000000001,0.13272727272727275,1046.85,1053.8,1040.3,1045.0,1045.2,3457365.0,36170.3,1044.8,2.0499999999999545,1.6499999999998636
2017-02-01,184,0.0,-0.21,1046.1,1050.9,1035.2,1050.0,1049.65,2585798.0,27018.06,1045.2,0.8999999999998636,-3.550000000000182
2017-02-02,185,-0.04904761904761905,-0.08722222222222221,1050.0,1050.8,1038.25,1045.55,1043.5,2079908.0,21677.3,1049.65,0.34999999999990905,6.5
2017-02-03,186,-0.08681818181818182,-0.222,1046.0,1050.45,1030.1,1033.45,1033.65,3021751.0,31372.86,1043.5,2.5,12.349999999999909
2017-02-06,188,-0.425,-0.79,1037.0,1044.9,1032.05,1040.7,1041.65,2283982.0,23712.56,1033.65,3.349999999999909,-4.650000000000091
2017-02-07,189,0.0,0.5800000000000001,1042.0,1042.35,1027.2,1031.95,1030.9,2264245.0,23365.38,1041.65,0.34999999999990905,11.099999999999909
2017-02-08,190,0.0,0.25,1030.9,1038.25,1022.0,1022.7,1025.15,3710094.0,38128.75,1030.9,0.0,5.75
2017-02-09,191,0.0,-0.7150000000000001,1028.0,1034.0,1026.8,1032.45,1032.75,2254216.0,23231.59,1025.15,2.849999999999909,-4.75
2017-02-10,192,-0.17333333333333334,-0.38833333333333336,1035.0,1035.55,1025.55,1030.0,1030.15,2861531.0,29499.23,1032.75,2.25,4.849999999999909
2017-02-13,195,-0.21,-0.13,1033.0,1034.0,1022.0,1030.0,1029.85,1957988.0,20099.84,1030.15,2.849999999999909,3.150000000000091
2017-02-14,196,0.0,-0.02000000000000001,1035.0,1052.9,1029.9,1048.1,1049.8,4170414.0,43681.08,1029.85,5.150000000000091,-14.799999999999955
2017-02-20,197,-0.3,-1.0,1070.55,1078.85,1066.5,1075.0,1075.4,2663127.0,28618.07,1075.5,-4.9500000000000455,-4.850000000000136
2017-02-21,198,-0.135,-0.7066666666666667,1075.2,1090.95,1073.05,1088.1,1088.2,3242790.0,35178.53,1075.4,-0.20000000000004547,-13.0
2017-02-27,200,-0.06333333333333332,0.19,1190.5,1256.8,1190.35,1237.55,1238.9,19068911.0,236834.17,1182.75,7.75,-48.40000000000009
2017-03-07,201,0.42,0.42,1318.85,1327.0,1296.15,1306.35,1304.95,9616850.0,125905.18,1305.35,13.5,13.899999999999864
2017-03-08,202,0.03666666666666663,-0.3725,1307.7,1307.7,1286.1,1288.15,1291.2,9906103.0,128257.19,1304.95,2.75,16.5
2017-03-09,203,-0.44,-0.21,1290.0,1298.0,1281.5,1285.4,1286.75,7107670.0,91508.75,1291.2,-1.2000000000000455,3.25
2017-03-10,204,0.0,-0.095,1290.25,1296.0,1261.2,1279.1,1281.65,5665568.0,72646.72,1286.75,3.5,8.599999999999909
2017-03-15,206,0.2,1.0,1291.05,1316.3,1290.4,1302.0,1304.95,5510658.0,72018.63,1289.5,1.5499999999999545,-13.900000000000091
2017-03-17,207,-0.0075,-0.15500000000000005,1308.0,1319.95,1298.05,1300.55,1300.7,5195076.0,67681.24,1297.65,10.349999999999909,7.2999999999999545
2017-03-20,208,0.0,-0.07999999999999999,1306.0,1306.25,1278.35,1280.95,1280.8,2941714.0,37884.56,1300.7,5.2999999999999545,25.200000000000045
2017-03-21,209,-0.102,-0.28,1282.2,1283.9,1259.3,1265.2,1263.8,5165107.0,65607.87,1280.8,1.400000000000091,18.40000000000009
2017-03-22,210,-0.315,0.305,1252.0,1265.9,1246.55,1260.45,1259.7,4638338.0,58308.0,1263.8,-11.799999999999955,-7.7000000000000455
2017-03-23,211,-0.215,-0.16999999999999998,1263.15,1277.55,1258.0,1272.0,1273.3,2699090.0,34262.25,1259.7,3.4500000000000455,-10.149999999999864
2017-03-24,212,-0.23416666666666666,-0.17416666666666664,1274.1,1292.0,1268.45,1284.0,1286.75,3721911.0,47730.79,1273.3,0.7999999999999545,-12.650000000000091
2017-03-27,213,0.325,0.37,1271.1,1278.75,1247.2,1248.5,1251.1,7418122.0,93337.36,1286.75,-15.650000000000091,20.0
2017-03-28,214,-0.3025,-0.2880000000000001,1258.0,1264.0,1242.1,1246.3,1245.75,4961934.0,62009.77,1251.1,6.900000000000091,12.25
2017-03-29,215,0.17500000000000002,0.026666666666666682,1251.7,1260.0,1233.35,1259.2,1256.65,4325787.0,53921.25,1245.75,5.9500000000000455,-4.9500000000000455
2017-03-30,216,-0.2275,-0.20800000000000002,1255.0,1274.75,1253.0,1267.6,1270.65,6368859.0,80751.12,1256.65,-1.650000000000091,-15.650000000000091
2017-03-31,217,-0.05625,-0.20125,1266.0,1337.65,1266.0,1320.6,1320.9,10375519.0,136029.18,1270.65,-4.650000000000091,-54.90000000000009
2017-04-03,220,0.0,-0.041666666666666685,1342.0,1380.5,1337.05,1373.25,1374.65,10260327.0,140140.71,1320.9,21.09999999999991,-32.65000000000009
2017-04-05,222,0.06416666666666666,0.18600000000000005,1395.2,1418.0,1380.1,1415.05,1415.0,9217360.0,129103.86,1374.65,20.549999999999955,-19.799999999999955
2017-04-06,223,-0.17357142857142854,-0.2,1409.0,1448.9,1402.2,1434.0,1438.5,11571075.0,165379.75,1415.0,-6.0,-29.5
2017-04-07,224,0.026875000000000003,0.020833333333333332,1421.3,1434.0,1402.55,1405.25,1406.6,7286151.0,103431.88,1438.5,-17.200000000000045,14.700000000000045
2017-04-10,227,-0.06578947368421052,0.03785714285714285,1410.0,1424.9,1377.3,1384.75,1381.35,7033141.0,98250.94,1406.6,3.400000000000091,28.65000000000009
2017-04-11,228,0.04086956521739129,0.19941176470588234,1387.85,1400.45,1370.1,1375.7,1372.35,7371727.0,101943.85,1381.35,6.5,15.5
2017-04-12,229,-0.028125,-0.078,1382.8,1386.45,1351.15,1355.0,1354.0,6274215.0,85562.64,1372.35,10.450000000000045,28.799999999999955
2017-04-13,230,-0.10363636363636362,-0.1988235294117648,1354.0,1373.4,1347.35,1365.8,1364.8,2906188.0,39690.78,1354.0,0.0,-10.799999999999955
2017-04-17,234,-0.11,-0.21,1365.0,1395.55,1365.0,1391.45,1391.85,2705854.0,37350.39,1364.8,0.20000000000004547,-26.84999999999991
2017-04-18,235,-0.12870967741935485,-0.13499999999999998,1399.95,1410.0,1367.0,1369.0,1370.2,3661083.0,51016.01,1391.85,8.100000000000136,29.75
2017-04-19,236,-0.13678571428571432,-0.125,1369.0,1382.55,1357.55,1369.95,1368.8,2645292.0,36206.55,1370.2,-1.2000000000000455,0.20000000000004547
2017-04-20,237,-0.003928571428571436,-0.021153846153846148,1379.0,1386.8,1364.1,1370.45,1369.55,1918612.0,26319.19,1368.8,10.200000000000045,9.450000000000045
2017-04-21,238,-0.06756756756756756,-0.20333333333333334,1380.5,1421.0,1378.55,1405.0,1402.5,6910277.0,97054.82,1369.55,10.950000000000045,-22.0
